Month,Income,Rent,Groceries,Utilities,Transport,Savings,Other
January,3200.00,1150.00,412.35,168.20,96.00,600.00,281.45
February,3200.00,1150.00,389.10,182.75,96.00,600.00,197.30
March,3200.00,1150.00,431.80,151.40,104.50,600.00,342.10
April,3350.00,1150.00,402.65,129.95,96.00,650.00,388.20
May,3350.00,1150.00,447.20,118.60,121.75,650.00,254.90
June,3350.00,1150.00,418.95,112.30,96.00,650.00,476.60
July,3350.00,1150.00,463.40,121.85,88.00,650.00,512.35
August,3350.00,1150.00,428.75,124.10,88.00,650.00,301.80
September,3350.00,1150.00,409.30,133.45,96.00,650.00,227.65
